Workbook

Sheet Read Me
A1: Personal Growth LifeOS
A2: From 23-Sep-2026 - built for your discipline & QA-interview prep journey
A4: How this workbook works
A5: 1. Daily Do's | B5: Tick off each habit as you complete it. Done items get struck through and turn green.
A6: 2. Daily Don'ts | B6: Mark each temptation as 'Avoided' (green, struck through) or 'Gave In' (red) every day.
A7: 3. Daily Journal | B7: One row per day - mood, gratitude, a win, and a short reflection.
A8: 4. One-Line Journal | B8: A single sentence per day - fast to fill, satisfying to scroll back through.
A9: 5. Daily Summary | B9: Auto-calculated - do not edit. Pulls your Do's/Don's % straight from the two checklists.
A10: 6. Weekly / Monthly Summary | B10: Auto-calculated roll-ups of Daily Summary. Do not edit.
A11: 7. Dashboard | B11: Your scoreboard - KPIs, trend charts, and a colour-coded 90-day calendar heatmap.
A12: 8. Goals | B12: Short-term (this month) and long-term (3-12 month) goals, with progress tracking.
A13: 9. Month-End Reflection | B13: One row per month - a bigger-picture look back.
A15: Colour legend
A16: Green + strikethrough | B16: Habit done / temptation avoided
A17: Red | B17: Temptation given in to - be honest, this is where growth happens
A18: Blue text | B18: Cell you're meant to fill in
A19: Black text | B19: Formula - leave untouched

Sheet Dashboard
A1: Personal Growth Dashboard
A2: Your scoreboard - auto-updates as you fill in Daily Do's / Don'ts.
A4: Today's Score | C4: Current Streak (days) | E4: Best Streak (days) | G4: 90-Day Avg Score | I4: Avg Do's Completion | K4: Avg Don'ts Avoided
A5: =IFERROR(INDEX('Daily Summary'!$H$4:$H$93,MATCH(TODAY(),'Daily Summary'!$A$4:$A$93,0)),"-") -> 0 | C5: =IFERROR(INDEX('Daily Summary'!$J$4:$J$93,MATCH(TODAY(),'Daily Summary'!$A$4:$A$93,0)),0) -> 0 | E5: =MAX('Daily Summary'!$J$4:$J$93) -> 0 | G5: =AVERAGE('Daily Summary'!$H$4:$H$93) -> 0 | I5: =AVERAGE('Daily Summary'!$D$4:$D$93) -> 0 | K5: =AVERAGE('Daily Summary'!$G$4:$G$93) -> 0
A46: 90-Day Discipline Calendar
A47: Darker green = higher daily score. Grey = day not yet reached / not filled in.
A49: Mon | B49: Tue | C49: Wed | D49: Thu | E49: Fri | F49: Sat | G49: Sun
C50: 46288 | D50: 46289 | E50: 46290 | F50: 46291 | G50: 46292
A51: 46293 | B51: 46294 | C51: 46295 | D51: 46296 | E51: 46297 | F51: 46298 | G51: 46299
A52: 46300 | B52: 46301 | C52: 46302 | D52: 46303 | E52: 46304 | F52: 46305 | G52: 46306
A53: 46307 | B53: 46308 | C53: 46309 | D53: 46310 | E53: 46311 | F53: 46312 | G53: 46313
A54: 46314 | B54: 46315 | C54: 46316 | D54: 46317 | E54: 46318 | F54: 46319 | G54: 46320
A55: 46321 | B55: 46322 | C55: 46323 | D55: 46324 | E55: 46325 | F55: 46326 | G55: 46327
A56: 46328 | B56: 46329 | C56: 46330 | D56: 46331 | E56: 46332 | F56: 46333 | G56: 46334
A57: 46335 | B57: 46336 | C57: 46337 | D57: 46338 | E57: 46339 | F57: 46340 | G57: 46341
A58: 46342 | B58: 46343 | C58: 46344 | D58: 46345 | E58: 46346 | F58: 46347 | G58: 46348
A59: 46349 | B59: 46350 | C59: 46351 | D59: 46352 | E59: 46353 | F59: 46354 | G59: 46355
A60: 46356 | B60: 46357 | C60: 46358 | D60: 46359 | E60: 46360 | F60: 46361 | G60: 46362
A61: 46363 | B61: 46364 | C61: 46365 | D61: 46366 | E61: 46367 | F61: 46368 | G61: 46369
A62: 46370 | B62: 46371 | C62: 46372 | D62: 46373 | E62: 46374 | F62: 46375 | G62: 46376
A63: 46377

Sheet Goals
A1: Goals
A2: Short-term = this month. Long-term = 3-12 months. Update Progress % and Status as you go.
A4: SHORT-TERM GOALS (this month)
A5: Goal | B5: Category | C5: Target Date | D5: Progress % | E5: Status | F5: Notes
A6: Finish Playwright + TypeScript advanced concepts revision | B6: Automation Testing | C6: 46310 | D6: 0 | E6: Not Started
A7: Build 3 mock interview answers on CI/CD pipeline | B7: Interview Prep | C7: 46305 | D7: 0 | E7: Not Started
A8: 30-day streak of 5 AM walk & exercise | B8: Discipline | C8: 46318 | D8: 0 | E8: Not Started
A9: Zero-sugar for 30 days | B9: Health | C9: 46318 | D9: 0 | E9: Not Started
A11: LONG-TERM GOALS (3-12 months)
A12: Goal | B12: Category | C12: Target Date | D12: Progress % | E12: Status | F12: Notes
A13: Land a senior QA automation role (Playwright + TS) | B13: Career | C13: 46477 | D13: 0 | E13: Not Started
A14: Master CI/CD (GitHub Actions) end-to-end for automation pipelines | B14: Automation Testing | C14: 46418 | D14: 0 | E14: Not Started
A15: Build a consistent daily discipline system (no distractions) | B15: Discipline | C15: 46568 | D15: 0 | E15: Not Started
A16: Improve physical fitness - daily exercise habit fully automatic | B16: Health | C16: 46568 | D16: 0 | E16: Not Started

Sheet Daily Do's
A1: Daily Do's Checklist
A2: Tick 'Done' as you complete each habit - the task name strikes through automatically.
A3: Date | B3: Day | C3: Task | D3: Done? | E3: Notes
A4: 46288 | B4: =TEXT(A4,"ddd") -> Wed | C4: Morning Walk & Exercise (5 AM)
A5: 46288 | B5: =TEXT(A5,"ddd") -> Wed | C5: Prayer
A6: 46288 | B6: =TEXT(A6,"ddd") -> Wed | C6: Theory Revision - Manual & Automation (Morning)
A7: 46288 | B7: =TEXT(A7,"ddd") -> Wed | C7: Healthy Breakfast
A8: 46288 | B8: =TEXT(A8,"ddd") -> Wed | C8: Programming Practice
A9: 46288 | B9: =TEXT(A9,"ddd") -> Wed | C9: Lunch & Rest
A10: 46288 | B10: =TEXT(A10,"ddd") -> Wed | C10: Study & Improve Testing Concepts
A11: 46288 | B11: =TEXT(A11,"ddd") -> Wed | C11: Evening High Tea
A12: 46288 | B12: =TEXT(A12,"ddd") -> Wed | C12: Theory Revision (Evening)
A13: 46288 | B13: =TEXT(A13,"ddd") -> Wed | C13: Free Evening Time (Earned Mobile/Entertainment)
A14: 46289 | B14: =TEXT(A14,"ddd") -> Thu | C14: Morning Walk & Exercise (5 AM)
A15: 46289 | B15: =TEXT(A15,"ddd") -> Thu | C15: Prayer
... A903: 46377 | B903: =TEXT(A903,"ddd") -> Mon | C903: Free Evening Time (Earned Mobile/Entertainment)

Sheet Daily Don'ts
A1: Daily Don'ts / Distractions
A2: Mark each one 'Avoided' (green) if you resisted, or 'Gave In' (red) if you didn't - honesty > streaks.
A3: Date | B3: Day | C3: Temptation / Distraction | D3: Status | E3: Notes
A4: 46288 | B4: =TEXT(A4,"ddd") -> Wed | C4: No Sugar
A5: 46288 | B5: =TEXT(A5,"ddd") -> Wed | C5: No YouTube (mindless scrolling)
A6: 46288 | B6: =TEXT(A6,"ddd") -> Wed | C6: No Instagram
A7: 46288 | B7: =TEXT(A7,"ddd") -> Wed | C7: No Gaming
A8: 46288 | B8: =TEXT(A8,"ddd") -> Wed | C8: No Porn
A9: 46288 | B9: =TEXT(A9,"ddd") -> Wed | C9: No Masturbation
A10: 46288 | B10: =TEXT(A10,"ddd") -> Wed | C10: No Overthinking
A11: 46288 | B11: =TEXT(A11,"ddd") -> Wed | C11: No Laziness - Stick to Routine
A12: 46288 | B12: =TEXT(A12,"ddd") -> Wed | C12: No Anger
A13: 46289 | B13: =TEXT(A13,"ddd") -> Thu | C13: No Sugar
A14: 46289 | B14: =TEXT(A14,"ddd") -> Thu | C14: No YouTube (mindless scrolling)
A15: 46289 | B15: =TEXT(A15,"ddd") -> Thu | C15: No Instagram
... A813: 46377 | B813: =TEXT(A813,"ddd") -> Mon | C813: No Anger

Sheet Daily Journal
A1: Daily Journal
A2: A couple of minutes each evening - mood, gratitude, a win, and a short reflection.
A3: Date | B3: Mood (1-5) | C3: Grateful For | D3: Win | E3: Reflection
A4: 46288
A5: 46289
A6: 46290
A7: 46291
A8: 46292
A9: 46293
A10: 46294
A11: 46295
A12: 46296
A13: 46297
A14: 46298
A15: 46299
... A93: 46377

Sheet One-Line Journal
A1: One-Line Journal
A2: One sentence, every day. Low effort, high reward when you scroll back in a month.
A3: Date | B3: One Line Today
A4: 46288
A5: 46289
A6: 46290
A7: 46291
A8: 46292
A9: 46293
A10: 46294
A11: 46295
A12: 46296
A13: 46297
A14: 46298
A15: 46299
... A93: 46377

Sheet Daily Summary
A1: Daily Summary (auto-calculated - do not edit)
A2: Pulls straight from Daily Do's and Daily Don'ts. Feeds the Dashboard and the Weekly/Monthly Summaries.
A3: Date | B3: Do's Done | C3: Do's Total | D3: Do's % | E3: Don'ts Avoided | F3: Don'ts Total | G3: Don'ts % | H3: Overall Score % | I3: Good Day (80%+) | J3: Running Streak
A4: 46288 | B4: =COUNTIFS('Daily Do''s'!$A$4:$A$903,$A4,'Daily Do''s'!$D$4:$D$903,"Done") -> 0 | C4: 10 | D4: =IFERROR(B4/C4,0) -> 0 | E4: =COUNTIFS('Daily Don''ts'!$A$4:$A$813,$A4,'Daily Don''ts'!$D$4:$D$813,"Avoided") -> 0 | F4: 9 | G4: =IFERROR(E4/F4,0) -> 0 | H4: =(D4+G4)/2 -> 0 | I4: =IF(H4>=0.8,1,0) -> 0 | J4: =IF(A4<=TODAY(),I4,"") -> 0
A5: 46289 | B5: =COUNTIFS('Daily Do''s'!$A$4:$A$903,$A5,'Daily Do''s'!$D$4:$D$903,"Done") -> 0 | C5: 10 | D5: =IFERROR(B5/C5,0) -> 0 | E5: =COUNTIFS('Daily Don''ts'!$A$4:$A$813,$A5,'Daily Don''ts'!$D$4:$D$813,"Avoided") -> 0 | F5: 9 | G5: =IFERROR(E5/F5,0) -> 0 | H5: =(D5+G5)/2 -> 0 | I5: =IF(H5>=0.8,1,0) -> 0 | J5: =IF(A5<=TODAY(),IF(I5=1,J4+1,0),"")
A6: 46290 | B6: =COUNTIFS('Daily Do''s'!$A$4:$A$903,$A6,'Daily Do''s'!$D$4:$D$903,"Done") -> 0 | C6: 10 | D6: =IFERROR(B6/C6,0) -> 0 | E6: =COUNTIFS('Daily Don''ts'!$A$4:$A$813,$A6,'Daily Don''ts'!$D$4:$D$813,"Avoided") -> 0 | F6: 9 | G6: =IFERROR(E6/F6,0) -> 0 | H6: =(D6+G6)/2 -> 0 | I6: =IF(H6>=0.8,1,0) -> 0 | J6: =IF(A6<=TODAY(),IF(I6=1,J5+1,0),"")
A7: 46291 | B7: =COUNTIFS('Daily Do''s'!$A$4:$A$903,$A7,'Daily Do''s'!$D$4:$D$903,"Done") -> 0 | C7: 10 | D7: =IFERROR(B7/C7,0) -> 0 | E7: =COUNTIFS('Daily Don''ts'!$A$4:$A$813,$A7,'Daily Don''ts'!$D$4:$D$813,"Avoided") -> 0 | F7: 9 | G7: =IFERROR(E7/F7,0) -> 0 | H7: =(D7+G7)/2 -> 0 | I7: =IF(H7>=0.8,1,0) -> 0 | J7: =IF(A7<=TODAY(),IF(I7=1,J6+1,0),"")
A8: 46292 | B8: =COUNTIFS('Daily Do''s'!$A$4:$A$903,$A8,'Daily Do''s'!$D$4:$D$903,"Done") -> 0 | C8: 10 | D8: =IFERROR(B8/C8,0) -> 0 | E8: =COUNTIFS('Daily Don''ts'!$A$4:$A$813,$A8,'Daily Don''ts'!$D$4:$D$813,"Avoided") -> 0 | F8: 9 | G8: =IFERROR(E8/F8,0) -> 0 | H8: =(D8+G8)/2 -> 0 | I8: =IF(H8>=0.8,1,0) -> 0 | J8: =IF(A8<=TODAY(),IF(I8=1,J7+1,0),"")
A9: 46293 | B9: =COUNTIFS('Daily Do''s'!$A$4:$A$903,$A9,'Daily Do''s'!$D$4:$D$903,"Done") -> 0 | C9: 10 | D9: =IFERROR(B9/C9,0) -> 0 | E9: =COUNTIFS('Daily Don''ts'!$A$4:$A$813,$A9,'Daily Don''ts'!$D$4:$D$813,"Avoided") -> 0 | F9: 9 | G9: =IFERROR(E9/F9,0) -> 0 | H9: =(D9+G9)/2 -> 0 | I9: =IF(H9>=0.8,1,0) -> 0 | J9: =IF(A9<=TODAY(),IF(I9=1,J8+1,0),"")
A10: 46294 | B10: =COUNTIFS('Daily Do''s'!$A$4:$A$903,$A10,'Daily Do''s'!$D$4:$D$903,"Done") -> 0 | C10: 10 | D10: =IFERROR(B10/C10,0) -> 0 | E10: =COUNTIFS('Daily Don''ts'!$A$4:$A$813,$A10,'Daily Don''ts'!$D$4:$D$813,"Avoided") -> 0 | F10: 9 | G10: =IFERROR(E10/F10,0) -> 0 | H10: =(D10+G10)/2 -> 0 | I10: =IF(H10>=0.8,1,0) -> 0 | J10: =IF(A10<=TODAY(),IF(I10=1,J9+1,0),"")
A11: 46295 | B11: =COUNTIFS('Daily Do''s'!$A$4:$A$903,$A11,'Daily Do''s'!$D$4:$D$903,"Done") -> 0 | C11: 10 | D11: =IFERROR(B11/C11,0) -> 0 | E11: =COUNTIFS('Daily Don''ts'!$A$4:$A$813,$A11,'Daily Don''ts'!$D$4:$D$813,"Avoided") -> 0 | F11: 9 | G11: =IFERROR(E11/F11,0) -> 0 | H11: =(D11+G11)/2 -> 0 | I11: =IF(H11>=0.8,1,0) -> 0 | J11: =IF(A11<=TODAY(),IF(I11=1,J10+1,0),"")
A12: 46296 | B12: =COUNTIFS('Daily Do''s'!$A$4:$A$903,$A12,'Daily Do''s'!$D$4:$D$903,"Done") -> 0 | C12: 10 | D12: =IFERROR(B12/C12,0) -> 0 | E12: =COUNTIFS('Daily Don''ts'!$A$4:$A$813,$A12,'Daily Don''ts'!$D$4:$D$813,"Avoided") -> 0 | F12: 9 | G12: =IFERROR(E12/F12,0) -> 0 | H12: =(D12+G12)/2 -> 0 | I12: =IF(H12>=0.8,1,0) -> 0 | J12: =IF(A12<=TODAY(),IF(I12=1,J11+1,0),"")
A13: 46297 | B13: =COUNTIFS('Daily Do''s'!$A$4:$A$903,$A13,'Daily Do''s'!$D$4:$D$903,"Done") -> 0 | C13: 10 | D13: =IFERROR(B13/C13,0) -> 0 | E13: =COUNTIFS('Daily Don''ts'!$A$4:$A$813,$A13,'Daily Don''ts'!$D$4:$D$813,"Avoided") -> 0 | F13: 9 | G13: =IFERROR(E13/F13,0) -> 0 | H13: =(D13+G13)/2 -> 0 | I13: =IF(H13>=0.8,1,0) -> 0 | J13: =IF(A13<=TODAY(),IF(I13=1,J12+1,0),"")
A14: 46298 | B14: =COUNTIFS('Daily Do''s'!$A$4:$A$903,$A14,'Daily Do''s'!$D$4:$D$903,"Done") -> 0 | C14: 10 | D14: =IFERROR(B14/C14,0) -> 0 | E14: =COUNTIFS('Daily Don''ts'!$A$4:$A$813,$A14,'Daily Don''ts'!$D$4:$D$813,"Avoided") -> 0 | F14: 9 | G14: =IFERROR(E14/F14,0) -> 0 | H14: =(D14+G14)/2 -> 0 | I14: =IF(H14>=0.8,1,0) -> 0 | J14: =IF(A14<=TODAY(),IF(I14=1,J13+1,0),"")
A15: 46299 | B15: =COUNTIFS('Daily Do''s'!$A$4:$A$903,$A15,'Daily Do''s'!$D$4:$D$903,"Done") -> 0 | C15: 10 | D15: =IFERROR(B15/C15,0) -> 0 | E15: =COUNTIFS('Daily Don''ts'!$A$4:$A$813,$A15,'Daily Don''ts'!$D$4:$D$813,"Avoided") -> 0 | F15: 9 | G15: =IFERROR(E15/F15,0) -> 0 | H15: =(D15+G15)/2 -> 0 | I15: =IF(H15>=0.8,1,0) -> 0 | J15: =IF(A15<=TODAY(),IF(I15=1,J14+1,0),"")
A16: 46300 | B16: =COUNTIFS('Daily Do''s'!$A$4:$A$903,$A16,'Daily Do''s'!$D$4:$D$903,"Done") -> 0 | C16: 10 | D16: =IFERROR(B16/C16,0) -> 0 | E16: =COUNTIFS('Daily Don''ts'!$A$4:$A$813,$A16,'Daily Don''ts'!$D$4:$D$813,"Avoided") -> 0 | F16: 9 | G16: =IFERROR(E16/F16,0) -> 0 | H16: =(D16+G16)/2 -> 0 | I16: =IF(H16>=0.8,1,0) -> 0 | J16: =IF(A16<=TODAY(),IF(I16=1,J15+1,0),"")
... A93: 46377 | B93: =COUNTIFS('Daily Do''s'!$A$4:$A$903,$A93,'Daily Do''s'!$D$4:$D$903,"Done") -> 0 | C93: 10 | D93: =IFERROR(B93/C93,0) -> 0 | E93: =COUNTIFS('Daily Don''ts'!$A$4:$A$813,$A93,'Daily Don''ts'!$D$4:$D$813,"Avoided") -> 0 | F93: 9 | G93: =IFERROR(E93/F93,0) -> 0 | H93: =(D93+G93)/2 -> 0 | I93: =IF(H93>=0.8,1,0) -> 0 | J93: =IF(A93<=TODAY(),IF(I93=1,J92+1,0),"")

Sheet Weekly Summary
A1: Weekly Summary (auto-calculated)
A2: Rolls up Daily Summary into 7-day blocks starting 23-Sep-2026.
A3: Week | B3: Week Start | C3: Week End | D3: Do's % | E3: Don'ts % | F3: Overall Score %
A4: Week 1 | B4: 46288 | C4: 46294 | D4: =IFERROR(AVERAGEIFS('Daily Summary'!$D$4:$D$93,'Daily Summary'!$A$4:$A$93,">="&B4,'Daily Summary'!$A$4:$A$93,"<="&C4),0) -> 0 | E4: =IFERROR(AVERAGEIFS('Daily Summary'!$G$4:$G$93,'Daily Summary'!$A$4:$A$93,">="&B4,'Daily Summary'!$A$4:$A$93,"<="&C4),0) -> 0 | F4: =(D4+E4)/2 -> 0
A5: Week 2 | B5: 46295 | C5: 46301 | D5: =IFERROR(AVERAGEIFS('Daily Summary'!$D$4:$D$93,'Daily Summary'!$A$4:$A$93,">="&B5,'Daily Summary'!$A$4:$A$93,"<="&C5),0) -> 0 | E5: =IFERROR(AVERAGEIFS('Daily Summary'!$G$4:$G$93,'Daily Summary'!$A$4:$A$93,">="&B5,'Daily Summary'!$A$4:$A$93,"<="&C5),0) -> 0 | F5: =(D5+E5)/2 -> 0
A6: Week 3 | B6: 46302 | C6: 46308 | D6: =IFERROR(AVERAGEIFS('Daily Summary'!$D$4:$D$93,'Daily Summary'!$A$4:$A$93,">="&B6,'Daily Summary'!$A$4:$A$93,"<="&C6),0) -> 0 | E6: =IFERROR(AVERAGEIFS('Daily Summary'!$G$4:$G$93,'Daily Summary'!$A$4:$A$93,">="&B6,'Daily Summary'!$A$4:$A$93,"<="&C6),0) -> 0 | F6: =(D6+E6)/2 -> 0
A7: Week 4 | B7: 46309 | C7: 46315 | D7: =IFERROR(AVERAGEIFS('Daily Summary'!$D$4:$D$93,'Daily Summary'!$A$4:$A$93,">="&B7,'Daily Summary'!$A$4:$A$93,"<="&C7),0) -> 0 | E7: =IFERROR(AVERAGEIFS('Daily Summary'!$G$4:$G$93,'Daily Summary'!$A$4:$A$93,">="&B7,'Daily Summary'!$A$4:$A$93,"<="&C7),0) -> 0 | F7: =(D7+E7)/2 -> 0
A8: Week 5 | B8: 46316 | C8: 46322 | D8: =IFERROR(AVERAGEIFS('Daily Summary'!$D$4:$D$93,'Daily Summary'!$A$4:$A$93,">="&B8,'Daily Summary'!$A$4:$A$93,"<="&C8),0) -> 0 | E8: =IFERROR(AVERAGEIFS('Daily Summary'!$G$4:$G$93,'Daily Summary'!$A$4:$A$93,">="&B8,'Daily Summary'!$A$4:$A$93,"<="&C8),0) -> 0 | F8: =(D8+E8)/2 -> 0
A9: Week 6 | B9: 46323 | C9: 46329 | D9: =IFERROR(AVERAGEIFS('Daily Summary'!$D$4:$D$93,'Daily Summary'!$A$4:$A$93,">="&B9,'Daily Summary'!$A$4:$A$93,"<="&C9),0) -> 0 | E9: =IFERROR(AVERAGEIFS('Daily Summary'!$G$4:$G$93,'Daily Summary'!$A$4:$A$93,">="&B9,'Daily Summary'!$A$4:$A$93,"<="&C9),0) -> 0 | F9: =(D9+E9)/2 -> 0
A10: Week 7 | B10: 46330 | C10: 46336 | D10: =IFERROR(AVERAGEIFS('Daily Summary'!$D$4:$D$93,'Daily Summary'!$A$4:$A$93,">="&B10,'Daily Summary'!$A$4:$A$93,"<="&C10),0) -> 0 | E10: =IFERROR(AVERAGEIFS('Daily Summary'!$G$4:$G$93,'Daily Summary'!$A$4:$A$93,">="&B10,'Daily Summary'!$A$4:$A$93,"<="&C10),0) -> 0 | F10: =(D10+E10)/2 -> 0
A11: Week 8 | B11: 46337 | C11: 46343 | D11: =IFERROR(AVERAGEIFS('Daily Summary'!$D$4:$D$93,'Daily Summary'!$A$4:$A$93,">="&B11,'Daily Summary'!$A$4:$A$93,"<="&C11),0) -> 0 | E11: =IFERROR(AVERAGEIFS('Daily Summary'!$G$4:$G$93,'Daily Summary'!$A$4:$A$93,">="&B11,'Daily Summary'!$A$4:$A$93,"<="&C11),0) -> 0 | F11: =(D11+E11)/2 -> 0
A12: Week 9 | B12: 46344 | C12: 46350 | D12: =IFERROR(AVERAGEIFS('Daily Summary'!$D$4:$D$93,'Daily Summary'!$A$4:$A$93,">="&B12,'Daily Summary'!$A$4:$A$93,"<="&C12),0) -> 0 | E12: =IFERROR(AVERAGEIFS('Daily Summary'!$G$4:$G$93,'Daily Summary'!$A$4:$A$93,">="&B12,'Daily Summary'!$A$4:$A$93,"<="&C12),0) -> 0 | F12: =(D12+E12)/2 -> 0
A13: Week 10 | B13: 46351 | C13: 46357 | D13: =IFERROR(AVERAGEIFS('Daily Summary'!$D$4:$D$93,'Daily Summary'!$A$4:$A$93,">="&B13,'Daily Summary'!$A$4:$A$93,"<="&C13),0) -> 0 | E13: =IFERROR(AVERAGEIFS('Daily Summary'!$G$4:$G$93,'Daily Summary'!$A$4:$A$93,">="&B13,'Daily Summary'!$A$4:$A$93,"<="&C13),0) -> 0 | F13: =(D13+E13)/2 -> 0
A14: Week 11 | B14: 46358 | C14: 46364 | D14: =IFERROR(AVERAGEIFS('Daily Summary'!$D$4:$D$93,'Daily Summary'!$A$4:$A$93,">="&B14,'Daily Summary'!$A$4:$A$93,"<="&C14),0) -> 0 | E14: =IFERROR(AVERAGEIFS('Daily Summary'!$G$4:$G$93,'Daily Summary'!$A$4:$A$93,">="&B14,'Daily Summary'!$A$4:$A$93,"<="&C14),0) -> 0 | F14: =(D14+E14)/2 -> 0
A15: Week 12 | B15: 46365 | C15: 46371 | D15: =IFERROR(AVERAGEIFS('Daily Summary'!$D$4:$D$93,'Daily Summary'!$A$4:$A$93,">="&B15,'Daily Summary'!$A$4:$A$93,"<="&C15),0) -> 0 | E15: =IFERROR(AVERAGEIFS('Daily Summary'!$G$4:$G$93,'Daily Summary'!$A$4:$A$93,">="&B15,'Daily Summary'!$A$4:$A$93,"<="&C15),0) -> 0 | F15: =(D15+E15)/2 -> 0
A16: Week 13 | B16: 46372 | C16: 46377 | D16: =IFERROR(AVERAGEIFS('Daily Summary'!$D$4:$D$93,'Daily Summary'!$A$4:$A$93,">="&B16,'Daily Summary'!$A$4:$A$93,"<="&C16),0) -> 0 | E16: =IFERROR(AVERAGEIFS('Daily Summary'!$G$4:$G$93,'Daily Summary'!$A$4:$A$93,">="&B16,'Daily Summary'!$A$4:$A$93,"<="&C16),0) -> 0 | F16: =(D16+E16)/2 -> 0

Sheet Monthly Summary
A1: Monthly Summary (auto-calculated)
A2: Rolls up Daily Summary by calendar month.
A3: Month | B3: Month Start | C3: Month End | D3: Do's % | E3: Don'ts % | F3: Overall Score %
A4: September 2026 | B4: 46288 | C4: 46295 | D4: =IFERROR(AVERAGEIFS('Daily Summary'!$D$4:$D$93,'Daily Summary'!$A$4:$A$93,">="&B4,'Daily Summary'!$A$4:$A$93,"<="&C4),0) -> 0 | E4: =IFERROR(AVERAGEIFS('Daily Summary'!$G$4:$G$93,'Daily Summary'!$A$4:$A$93,">="&B4,'Daily Summary'!$A$4:$A$93,"<="&C4),0) -> 0 | F4: =(D4+E4)/2 -> 0
A5: October 2026 | B5: 46296 | C5: 46326 | D5: =IFERROR(AVERAGEIFS('Daily Summary'!$D$4:$D$93,'Daily Summary'!$A$4:$A$93,">="&B5,'Daily Summary'!$A$4:$A$93,"<="&C5),0) -> 0 | E5: =IFERROR(AVERAGEIFS('Daily Summary'!$G$4:$G$93,'Daily Summary'!$A$4:$A$93,">="&B5,'Daily Summary'!$A$4:$A$93,"<="&C5),0) -> 0 | F5: =(D5+E5)/2 -> 0
A6: November 2026 | B6: 46327 | C6: 46356 | D6: =IFERROR(AVERAGEIFS('Daily Summary'!$D$4:$D$93,'Daily Summary'!$A$4:$A$93,">="&B6,'Daily Summary'!$A$4:$A$93,"<="&C6),0) -> 0 | E6: =IFERROR(AVERAGEIFS('Daily Summary'!$G$4:$G$93,'Daily Summary'!$A$4:$A$93,">="&B6,'Daily Summary'!$A$4:$A$93,"<="&C6),0) -> 0 | F6: =(D6+E6)/2 -> 0
A7: December 2026 | B7: 46357 | C7: 46377 | D7: =IFERROR(AVERAGEIFS('Daily Summary'!$D$4:$D$93,'Daily Summary'!$A$4:$A$93,">="&B7,'Daily Summary'!$A$4:$A$93,"<="&C7),0) -> 0 | E7: =IFERROR(AVERAGEIFS('Daily Summary'!$G$4:$G$93,'Daily Summary'!$A$4:$A$93,">="&B7,'Daily Summary'!$A$4:$A$93,"<="&C7),0) -> 0 | F7: =(D7+E7)/2 -> 0

Sheet Month-End Reflection
A1: Month-End Reflection
A2: A bigger-picture look back, once a month.
A3: Month | B3: What went well? | C3: What didn't? | D3: Best Habit | E3: Focus Next Month
A4: September 2026
A5: October 2026
A6: November 2026
A7: December 2026
